kst,views,likes,comments
2026-10-05 09:47:46,4213244,102956,21982
2026-10-05 09:48:46,4213244,103001,21994
2026-10-05 09:49:46,4213244,103037,22003
2026-10-05 09:50:46,4213244,103082,22007
2026-10-05 09:51:46,4224382,103133,22018
2026-10-05 09:52:46,4224383,103185,22031
2026-10-05 09:53:46,4224383,103224,22039
2026-10-05 09:54:46,4224383,103251,22043
2026-10-05 09:55:46,4224383,103302,22049
2026-10-05 09:56:46,4230060,103347,22055
2026-10-05 09:57:46,4231353,103390,22074
2026-10-05 09:58:46,4231369,103438,22078
2026-10-05 09:59:46,4231369,103479,22087
2026-10-05 10:00:46,4231369,103531,22091
2026-10-05 10:01:46,4241292,103573,22098
2026-10-05 10:02:46,4241292,103637,22110
2026-10-05 10:03:46,4241300,103684,22118
2026-10-05 10:04:46,4241300,103725,22130
2026-10-05 10:05:46,4241410,103772,22141
2026-10-05 10:06:46,4246163,103820,22146
2026-10-05 10:07:46,4246163,103857,22155
2026-10-05 10:08:46,4246163,103895,22167
2026-10-05 10:09:46,4246163,103925,22173
2026-10-05 10:10:46,4246163,103978,22185
2026-10-05 10:11:46,4256364,104015,22189
